{
  "name": "adapt-contrib-vanilla",
  "version": "4.0.0",
  "framework": ">=4",
  "homepage": "https://github.com/adaptlearning/adapt-contrib-vanilla",
  "issues": "https://github.com/adaptlearning/adapt_framework/issues/new",
  "displayName": "Vanilla",
  "theme": "vanilla",
  "description": "A core bundled theme",
  "main": "js/vanilla.js",
  "keywords": [
    "adapt-plugin",
    "adapt-theme"
  ],
  "license": "GPLv3",
  "ignore": [
    "**/.*",
    "node_modules",
    "bower_components",
    "test",
    "tests"
  ],
  "_release": "4.0.0",
  "_resolution": {
    "type": "version",
    "tag": "v4.0.0",
    "commit": "11591052c9429d873449c7b5abc7c8ee1a125944"
  },
  "_source": "git://github.com/adaptlearning/adapt-contrib-vanilla.git",
  "_target": "4.0.0",
  "_originalSource": "adapt-contrib-vanilla",
  "_direct": true
}