{
  "name": "adapt-contrib-resources",
  "version": "3.0.0",
  "framework": ">=2.2",
  "homepage": "https://github.com/adaptlearning/adapt-contrib-resources",
  "issues": "https://github.com/adaptlearning/adapt_framework/issues/new",
  "displayName": "Resources",
  "extension": "resources",
  "description": "An extension to allow learners to view resources",
  "main": "/js/adapt-contrib-resources.js",
  "keywords": [
    "adapt-plugin",
    "adapt-extension"
  ],
  "license": "GPLv3",
  "targetAttribute": "_resources",
  "_release": "3.0.0",
  "_resolution": {
    "type": "version",
    "tag": "v3.0.0",
    "commit": "e8b2cc06d9001e78e6a0cfee79141513c219d2c7"
  },
  "_source": "git://github.com/adaptlearning/adapt-contrib-resources.git",
  "_target": "3.0.0",
  "_originalSource": "adapt-contrib-resources",
  "_direct": true
}