{
  "name": "adapt-contrib-accordion",
  "version": "4.0.0",
  "framework": ">=3.3",
  "homepage": "https://github.com/adaptlearning/adapt-contrib-accordion",
  "issues": "https://github.com/adaptlearning/adapt_framework/issues/new",
  "description": "An accordion component that displays clickable titles, which reveal display text",
  "main": "/js/adapt-contrib-accordion.js",
  "displayName": "Accordion",
  "component": "accordion",
  "keywords": [
    "adapt-plugin",
    "adapt-component"
  ],
  "license": "GPLv3",
  "_release": "4.0.0",
  "_resolution": {
    "type": "version",
    "tag": "v4.0.0",
    "commit": "427dbda086a525fe734c90af4eb9e1899ad26cc1"
  },
  "_source": "git://github.com/adaptlearning/adapt-contrib-accordion.git",
  "_target": "4.0.0",
  "_originalSource": "adapt-contrib-accordion",
  "_direct": true
}