{
  "name": "adapt-contrib-assessmentResults",
  "version": "3.3.0",
  "framework": ">=3.3",
  "homepage": "https://github.com/adaptlearning/adapt-contrib-assessmentResults",
  "issues": "https://github.com/adaptlearning/adapt_framework/issues/new",
  "displayName": "Assessment Results",
  "component": "assessmentResults",
  "description": "A component used to display a single assessment's results",
  "main": "/js/adapt-contrib-assessmentResults.js",
  "keywords": [
    "adapt-plugin",
    "adapt-component"
  ],
  "license": "GPLv3",
  "_release": "3.3.0",
  "_resolution": {
    "type": "version",
    "tag": "v3.3.0",
    "commit": "97092f5bb5115c3b6f8e7e67a7fd95419463f2f1"
  },
  "_source": "git://github.com/adaptlearning/adapt-contrib-assessmentResults.git",
  "_target": "3.3.0",
  "_originalSource": "adapt-contrib-assessmentResults",
  "_direct": true
}